JobID,Submit,Start,End,NNodes,QOS,State,Elapsed,User
22300146,2024-02-28 16:26:23,2024-02-28 16:29:49,2024-02-28 16:40:03,6,debug,COMPLETED,00:10:14,joeschm
22298305,2024-02-28 14:48:12,2024-02-28 15:22:19,2024-02-28 15:43:12,6,debug,COMPLETED,00:20:53,joeschm
22298220,2024-02-28 14:44:59,2024-02-28 15:19:28,2024-02-28 15:49:39,6,debug,TIMEOUT,00:30:11,joeschm
22297873,2024-02-28 14:40:56,2024-02-28 15:03:22,2024-02-28 15:22:04,6,debug,COMPLETED,00:18:42,joeschm
22297861,2024-02-28 14:40:31,2024-02-28 14:51:38,2024-02-28 15:19:27,6,debug,COMPLETED,00:27:49,joeschm
22297845,2024-02-28 14:39:59,2024-02-28 14:45:19,2024-02-28 15:03:20,6,debug,COMPLETED,00:18:01,joeschm
22297834,2024-02-28 14:39:41,2024-02-28 14:45:02,2024-02-28 14:45:24,6,debug,COMPLETED,00:00:22,joeschm
22266501,2024-02-27 20:51:17,2024-02-28 13:34:00,2024-02-28 14:24:06,18,regular_1,COMPLETED,00:50:06,joeschm
22266461,2024-02-27 20:50:10,2024-02-28 09:08:31,2024-02-28 10:36:57,18,regular_1,COMPLETED,01:28:26,joeschm
22266447,2024-02-27 20:48:48,2024-02-28 08:51:42,2024-02-28 09:22:39,18,regular_1,COMPLETED,00:30:57,joeschm
22266402,2024-02-27 20:47:34,2024-02-28 06:14:55,2024-02-28 07:00:27,18,regular_1,COMPLETED,00:45:32,joeschm
22265746,2024-02-27 20:34:10,2024-02-27 20:39:25,2024-02-27 21:09:48,6,debug,TIMEOUT,00:30:23,joeschm
22265631,2024-02-27 20:26:20,2024-02-27 20:30:14,2024-02-27 21:00:23,6,debug,TIMEOUT,00:30:09,joeschm
22264933,2024-02-27 19:44:12,2024-02-27 19:46:13,2024-02-27 20:16:38,6,debug,TIMEOUT,00:30:25,joeschm
22264139,2024-02-27 18:46:24,2024-02-27 18:49:55,2024-02-27 18:57:53,6,debug,COMPLETED,00:07:58,joeschm
22263592,2024-02-27 18:24:17,2024-02-27 18:29:12,2024-02-27 18:37:34,6,debug,COMPLETED,00:08:22,joeschm
22262764,2024-02-27 18:08:54,2024-02-27 18:08:54,2024-02-27 18:30:47,6,debug,COMPLETED,00:21:53,joeschm
22262638,2024-02-27 18:04:43,2024-02-27 18:05:47,2024-02-27 18:08:12,6,debug,CANCELLED by 95065,00:02:25,joeschm
22262261,2024-02-27 17:55:01,2024-02-27 17:57:32,2024-02-27 18:06:01,6,debug,COMPLETED,00:08:29,joeschm
22261844,2024-02-27 17:40:56,2024-02-27 17:49:23,2024-02-27 17:58:20,6,debug,COMPLETED,00:08:57,joeschm
22261741,2024-02-27 17:32:38,2024-02-27 17:33:25,2024-02-27 17:57:08,6,debug,COMPLETED,00:23:43,joeschm
22261717,2024-02-27 17:30:52,2024-02-27 17:33:02,2024-02-27 17:49:14,6,debug,COMPLETED,00:16:12,joeschm
22257165,2024-02-27 14:20:50,2024-02-27 14:28:06,2024-02-27 14:28:27,6,debug,COMPLETED,00:00:21,joeschm
22257129,2024-02-27 14:19:01,2024-02-27 14:22:26,2024-02-27 14:52:48,6,debug,TIMEOUT,00:30:22,joeschm
22255293,2024-02-27 13:36:09,2024-02-27 14:02:41,2024-02-27 14:28:05,6,debug,COMPLETED,00:25:24,joeschm
22255214,2024-02-27 13:33:36,2024-02-27 13:38:57,2024-02-27 14:09:12,6,debug,TIMEOUT,00:30:15,joeschm
22255027,2024-02-27 13:31:23,2024-02-27 13:32:00,2024-02-27 14:02:14,6,debug,TIMEOUT,00:30:14,joeschm
22246517,2024-02-27 09:36:36,2024-02-27 09:39:42,2024-02-27 10:10:00,6,debug,TIMEOUT,00:30:18,joeschm
22246122,2024-02-27 09:24:32,2024-02-27 09:26:41,2024-02-27 09:39:21,6,debug,COMPLETED,00:12:40,joeschm
22246009,2024-02-27 09:16:30,2024-02-27 09:19:33,2024-02-27 09:49:59,6,debug,TIMEOUT,00:30:26,joeschm
22243871,2024-02-27 08:19:20,2024-02-27 08:26:31,2024-02-27 08:49:49,6,debug,COMPLETED,00:23:18,joeschm
22243472,2024-02-27 08:00:52,2024-02-27 08:14:51,2024-02-27 08:44:56,6,debug,TIMEOUT,00:30:05,joeschm
22243206,2024-02-27 07:49:36,2024-02-27 07:56:18,2024-02-27 08:26:22,6,debug,TIMEOUT,00:30:04,joeschm
22242853,2024-02-27 07:41:48,2024-02-27 07:44:42,2024-02-27 08:14:43,6,debug,TIMEOUT,00:30:01,joeschm
22242432,2024-02-27 07:21:32,2024-02-27 07:25:27,2024-02-27 07:55:42,6,debug,TIMEOUT,00:30:15,joeschm
22227751,2024-02-26 20:17:27,2024-02-26 20:41:17,2024-02-26 21:11:32,6,debug,TIMEOUT,00:30:15,joeschm
22227738,2024-02-26 20:15:31,2024-02-26 20:36:15,2024-02-26 21:06:32,6,debug,TIMEOUT,00:30:17,joeschm
22227627,2024-02-26 20:10:16,2024-02-26 20:10:40,2024-02-26 20:40:54,6,debug,TIMEOUT,00:30:14,joeschm
22227429,2024-02-26 20:05:12,2024-02-26 20:05:36,2024-02-26 20:35:51,6,debug,TIMEOUT,00:30:15,joeschm
22226735,2024-02-26 19:55:48,2024-02-26 19:58:40,2024-02-26 20:07:32,6,debug,COMPLETED,00:08:52,joeschm
22226720,2024-02-26 19:54:32,,2024-02-26 19:55:28,12,regular_1,CANCELLED by 95065,00:00:00,joeschm
22226710,2024-02-26 19:53:39,2024-02-26 19:54:43,2024-02-26 19:58:13,6,debug,COMPLETED,00:03:30,joeschm
22226694,2024-02-26 19:50:22,2024-02-26 19:50:47,2024-02-26 20:00:27,6,debug,COMPLETED,00:09:40,joeschm
22206345,2024-02-26 09:55:44,2024-02-26 18:27:32,2024-02-26 19:37:13,12,regular_1,COMPLETED,01:09:41,joeschm
22206210,2024-02-26 09:52:15,2024-02-26 14:21:18,2024-02-26 14:37:14,12,regular_1,COMPLETED,00:15:56,joeschm
22206191,2024-02-26 09:51:33,2024-02-26 13:49:03,2024-02-26 15:03:21,12,regular_1,COMPLETED,01:14:18,joeschm
22205820,2024-02-26 09:44:06,2024-02-26 09:46:37,2024-02-26 09:47:02,6,regular_1,COMPLETED,00:00:25,joeschm
22205661,2024-02-26 09:40:23,2024-02-26 09:45:40,2024-02-26 09:46:03,6,regular_1,COMPLETED,00:00:23,joeschm
22205556,2024-02-26 09:36:47,2024-02-26 09:36:56,2024-02-26 10:45:01,6,regular_1,COMPLETED,01:08:05,joeschm
22181829,2024-02-25 19:23:58,2024-02-25 19:31:02,2024-02-25 20:01:16,6,debug,TIMEOUT,00:30:14,joeschm
22180852,2024-02-25 18:51:53,2024-02-25 18:52:52,2024-02-25 19:22:53,6,debug,TIMEOUT,00:30:01,joeschm
22180757,2024-02-25 18:48:56,2024-02-25 18:51:39,2024-02-25 20:29:51,6,regular_1,COMPLETED,01:38:12,joeschm
22178139,2024-02-25 17:16:38,2024-02-25 17:30:58,2024-02-25 17:52:00,6,debug,COMPLETED,00:21:02,joeschm
22177936,2024-02-25 17:04:49,2024-02-25 17:08:48,2024-02-25 17:39:07,6,debug,TIMEOUT,00:30:19,joeschm
22177928,2024-02-25 17:03:18,2024-02-25 17:06:05,2024-02-25 17:30:57,6,debug,COMPLETED,00:24:52,joeschm
22177506,2024-02-25 16:36:03,2024-02-25 16:40:46,2024-02-25 17:05:53,6,debug,COMPLETED,00:25:07,joeschm
22177484,2024-02-25 16:34:20,2024-02-25 16:38:37,2024-02-25 17:08:37,6,debug,TIMEOUT,00:30:00,joeschm
22177481,2024-02-25 16:32:25,,2024-02-25 16:33:14,6,debug,CANCELLED by 95065,00:00:00,joeschm
22177052,2024-02-25 16:10:48,2024-02-25 16:15:55,2024-02-25 16:40:44,6,debug,COMPLETED,00:24:49,joeschm
22176686,2024-02-25 15:47:16,2024-02-25 15:47:25,2024-02-25 16:17:52,6,debug,TIMEOUT,00:30:27,joeschm
22176591,2024-02-25 15:45:38,2024-02-25 15:45:52,2024-02-25 15:46:31,6,debug,CANCELLED by 95065,00:00:39,joeschm
22176362,2024-02-25 15:30:27,2024-02-25 15:53:39,2024-02-25 16:38:15,6,regular_1,COMPLETED,00:44:36,joeschm
22176043,2024-02-25 15:24:51,,2024-02-25 15:44:08,6,regular_1,CANCELLED by 95065,00:00:00,joeschm
22175776,2024-02-25 15:00:33,2024-02-25 15:20:49,2024-02-25 15:25:57,6,regular_1,COMPLETED,00:05:08,joeschm
22175721,2024-02-25 14:58:27,2024-02-25 14:59:14,2024-02-25 15:04:34,6,debug,COMPLETED,00:05:20,joeschm
22138909,2024-02-24 17:33:45,2024-02-24 17:39:15,2024-02-24 17:45:42,6,debug,COMPLETED,00:06:27,joeschm
22136583,2024-02-24 16:09:38,2024-02-24 16:09:48,2024-02-24 16:40:17,6,debug,TIMEOUT,00:30:29,joeschm
22114264,2024-02-23 18:27:12,2024-02-23 18:28:42,2024-02-23 18:33:49,6,debug,COMPLETED,00:05:07,joeschm
22114095,2024-02-23 18:11:11,2024-02-23 18:11:18,2024-02-23 18:41:26,6,debug,TIMEOUT,00:30:08,joeschm
22113855,2024-02-23 18:04:44,2024-02-23 18:05:12,2024-02-23 18:24:58,6,debug,COMPLETED,00:19:46,joeschm
22111430,2024-02-23 16:17:10,2024-02-23 16:23:27,2024-02-23 16:53:54,6,debug,TIMEOUT,00:30:27,joeschm
19575084,2023-12-19 14:44:53,2023-12-19 14:46:34,2023-12-19 14:51:17,6,debug,COMPLETED,00:04:43,joeschm
19575070,2023-12-19 14:44:29,2023-12-19 14:46:34,2023-12-19 14:54:26,6,debug,COMPLETED,00:07:52,joeschm
19568420,2023-12-19 13:09:31,2023-12-19 13:23:08,2023-12-19 13:29:03,6,debug,COMPLETED,00:05:55,joeschm
19568374,2023-12-19 13:09:12,2023-12-19 13:19:35,2023-12-19 13:25:47,6,debug,COMPLETED,00:06:12,joeschm
19568371,2023-12-19 13:09:04,2023-12-19 13:13:02,2023-12-19 13:19:22,6,debug,COMPLETED,00:06:20,joeschm
19568370,2023-12-19 13:08:53,2023-12-19 13:12:08,2023-12-19 13:22:53,6,debug,COMPLETED,00:10:45,joeschm
19566823,2023-12-19 12:52:32,2023-12-19 12:58:59,2023-12-19 13:03:24,6,debug,COMPLETED,00:04:25,joeschm
19566822,2023-12-19 12:52:23,2023-12-19 12:55:57,2023-12-19 13:00:39,6,debug,COMPLETED,00:04:42,joeschm
19566816,2023-12-19 12:52:15,2023-12-19 12:53:33,2023-12-19 12:58:22,6,debug,COMPLETED,00:04:49,joeschm
19566790,2023-12-19 12:50:24,2023-12-19 12:50:33,2023-12-19 12:55:21,6,debug,COMPLETED,00:04:48,joeschm
19559662,2023-12-19 10:25:05,2023-12-19 10:27:46,2023-12-19 10:33:14,6,debug,COMPLETED,00:05:28,joeschm
19557366,2023-12-19 09:11:49,2023-12-19 10:12:46,2023-12-19 10:27:32,6,regular_1,COMPLETED,00:14:46,joeschm
19557209,2023-12-19 09:03:59,2023-12-19 09:32:29,2023-12-19 09:47:58,6,debug,COMPLETED,00:15:29,joeschm
19557107,2023-12-19 09:02:21,2023-12-19 09:02:47,2023-12-19 09:18:09,6,debug,COMPLETED,00:15:22,joeschm
19557034,2023-12-19 09:00:31,2023-12-19 09:01:55,2023-12-19 09:11:50,6,debug,COMPLETED,00:09:55,joeschm
19556723,2023-12-19 08:50:27,2023-12-19 08:51:06,2023-12-19 08:59:54,6,debug,COMPLETED,00:08:48,joeschm
19556363,2023-12-19 08:27:31,2023-12-19 08:31:42,2023-12-19 08:41:39,6,debug,COMPLETED,00:09:57,joeschm
19556171,2023-12-19 08:16:29,2023-12-19 08:17:06,2023-12-19 08:21:17,6,debug,COMPLETED,00:04:11,joeschm
19555472,2023-12-19 07:44:19,2023-12-19 07:46:00,2023-12-19 07:50:13,6,debug,COMPLETED,00:04:13,joeschm
19554863,2023-12-19 07:26:47,2023-12-19 07:27:24,2023-12-19 07:31:57,6,debug,COMPLETED,00:04:33,joeschm
19554586,2023-12-19 07:11:29,2023-12-19 07:12:54,2023-12-19 07:20:33,6,debug,COMPLETED,00:07:39,joeschm
19554196,2023-12-19 06:51:54,2023-12-19 06:52:33,2023-12-19 07:02:15,6,debug,COMPLETED,00:09:42,joeschm
19544428,2023-12-18 21:33:17,2023-12-19 00:32:38,2023-12-19 00:38:58,12,regular_1,COMPLETED,00:06:20,joeschm
19544423,2023-12-18 21:32:57,2023-12-18 23:24:31,2023-12-18 23:30:24,12,regular_1,COMPLETED,00:05:53,joeschm
19544416,2023-12-18 21:32:39,2023-12-18 23:20:07,2023-12-18 23:26:40,12,regular_1,COMPLETED,00:06:33,joeschm
19544406,2023-12-18 21:32:13,2023-12-18 23:06:58,2023-12-19 01:32:40,12,regular_1,COMPLETED,02:25:42,joeschm
19537637,2023-12-18 17:56:00,2023-12-18 19:24:02,2023-12-18 21:47:22,12,regular_1,COMPLETED,02:23:20,joeschm
19537543,2023-12-18 17:54:42,2023-12-18 19:05:19,2023-12-18 21:35:27,12,regular_1,TIMEOUT,02:30:08,joeschm
19537531,2023-12-18 17:53:36,2023-12-18 18:29:34,2023-12-18 20:59:54,12,regular_1,TIMEOUT,02:30:20,joeschm
19537515,2023-12-18 17:52:31,2023-12-18 18:14:45,2023-12-18 20:45:10,12,regular_1,TIMEOUT,02:30:25,joeschm
19525379,2023-12-18 12:39:26,2023-12-18 16:19:02,2023-12-18 18:49:04,12,regular_1,TIMEOUT,02:30:02,joeschm
19520735,2023-12-18 12:07:51,2023-12-18 12:11:02,2023-12-18 12:41:20,6,debug,TIMEOUT,00:30:18,joeschm
18933131,2023-12-04 08:41:42,2023-12-04 20:23:17,2023-12-04 21:56:43,12,regular_1,COMPLETED,01:33:26,joeschm
18932728,2023-12-04 08:37:53,2023-12-04 18:30:51,2023-12-04 18:49:22,12,regular_1,COMPLETED,00:18:31,joeschm
18932568,2023-12-04 08:33:48,2023-12-04 16:50:09,2023-12-04 22:25:55,12,regular_1,COMPLETED,05:35:46,joeschm
18931796,2023-12-04 08:20:05,2023-12-04 13:16:37,2023-12-04 14:08:42,6,regular_1,COMPLETED,00:52:05,joeschm
18927408,2023-12-04 07:23:14,2023-12-04 12:48:39,2023-12-04 13:37:59,12,regular_1,COMPLETED,00:49:20,joeschm
18927196,2023-12-04 07:20:49,2023-12-04 10:59:08,2023-12-04 13:40:46,12,regular_1,COMPLETED,02:41:38,joeschm
18927077,2023-12-04 07:17:30,2023-12-04 07:58:06,2023-12-04 07:58:18,6,regular_1,COMPLETED,00:00:12,joeschm
18907286,2023-12-03 20:57:21,2023-12-04 01:07:36,2023-12-04 02:55:51,18,regular_1,COMPLETED,01:48:15,joeschm
18907227,2023-12-03 20:52:02,2023-12-04 02:08:53,2023-12-04 02:23:15,24,regular_1,COMPLETED,00:14:22,joeschm
18907128,2023-12-03 20:44:28,2023-12-04 00:53:58,2023-12-04 04:24:01,18,regular_1,TIMEOUT,03:30:03,joeschm
18906735,2023-12-03 20:40:12,,2023-12-03 20:41:40,18,regular_1,CANCELLED by 95065,00:00:00,joeschm
18905108,2023-12-03 20:13:33,2023-12-03 20:53:52,2023-12-03 21:24:06,6,debug,TIMEOUT,00:30:14,joeschm
18905065,2023-12-03 20:12:25,2023-12-03 20:40:37,2023-12-03 20:54:35,6,debug,COMPLETED,00:13:58,joeschm
18905036,2023-12-03 20:11:48,2023-12-03 20:40:07,2023-12-03 20:53:11,6,debug,COMPLETED,00:13:04,joeschm
18904621,2023-12-03 20:06:24,2023-12-03 20:10:10,2023-12-03 20:40:37,6,debug,TIMEOUT,00:30:27,joeschm
18904528,2023-12-03 20:04:00,2023-12-03 20:09:42,2023-12-03 20:40:06,6,debug,TIMEOUT,00:30:24,joeschm
18903316,2023-12-03 19:52:57,2023-12-03 20:03:45,2023-12-03 20:07:31,6,debug,CANCELLED by 95065,00:03:46,joeschm
18902329,2023-12-03 19:33:42,2023-12-03 19:45:51,2023-12-03 19:59:49,6,debug,COMPLETED,00:13:58,joeschm
18902175,2023-12-03 19:31:51,2023-12-03 19:35:06,2023-12-03 19:45:38,6,debug,COMPLETED,00:10:32,joeschm
18902120,2023-12-03 19:30:39,2023-12-03 19:34:56,2023-12-03 20:02:08,6,debug,COMPLETED,00:27:12,joeschm
18898960,2023-12-03 18:32:25,2023-12-03 18:59:07,2023-12-03 19:24:27,6,debug,COMPLETED,00:25:20,joeschm
18898925,2023-12-03 18:30:26,2023-12-03 18:59:07,2023-12-03 19:29:21,6,debug,TIMEOUT,00:30:14,joeschm
18898818,2023-12-03 18:22:23,2023-12-03 18:28:56,2023-12-03 18:59:02,6,debug,TIMEOUT,00:30:06,joeschm
18898763,2023-12-03 18:16:36,2023-12-03 18:28:41,2023-12-03 18:59:02,6,debug,TIMEOUT,00:30:21,joeschm
18898414,2023-12-03 17:52:35,2023-12-03 17:59:31,2023-12-03 18:13:30,6,debug,COMPLETED,00:13:59,joeschm
18898211,2023-12-03 17:42:09,2023-12-03 17:44:10,2023-12-03 18:14:14,6,debug,TIMEOUT,00:30:04,joeschm
18898055,2023-12-03 17:31:59,2023-12-03 17:32:00,2023-12-03 17:58:49,6,debug,COMPLETED,00:26:49,joeschm
18897929,2023-12-03 17:22:32,2023-12-03 17:23:54,2023-12-03 17:24:19,6,debug,COMPLETED,00:00:25,joeschm
18897540,2023-12-03 17:06:07,2023-12-03 17:07:32,2023-12-03 17:08:07,6,debug,COMPLETED,00:00:35,joeschm
18895714,2023-12-03 16:34:11,2023-12-03 16:34:12,2023-12-03 16:57:16,6,debug,COMPLETED,00:23:04,joeschm
18895691,2023-12-03 16:33:18,2023-12-03 16:33:23,2023-12-03 16:33:25,6,debug,CANCELLED by 95065,00:00:02,joeschm
18895305,2023-12-03 16:16:38,2023-12-03 16:16:44,2023-12-03 16:47:12,6,debug,TIMEOUT,00:30:28,joeschm
18893596,2023-12-03 15:22:46,2023-12-03 15:24:21,2023-12-03 15:54:29,6,debug,TIMEOUT,00:30:08,joeschm
18893284,2023-12-03 15:00:20,2023-12-03 15:02:53,2023-12-03 15:33:24,6,debug,TIMEOUT,00:30:31,joeschm
18893228,2023-12-03 14:51:51,2023-12-03 14:56:31,2023-12-03 14:59:17,6,debug,COMPLETED,00:02:46,joeschm
18893106,2023-12-03 14:37:06,2023-12-03 14:45:43,2023-12-03 14:51:12,6,debug,CANCELLED by 95065,00:05:29,joeschm
18893096,2023-12-03 14:34:24,2023-12-03 14:34:34,2023-12-03 14:45:13,6,debug,COMPLETED,00:10:39,joeschm
18892962,2023-12-03 14:16:46,2023-12-03 14:16:51,2023-12-03 14:46:53,6,debug,TIMEOUT,00:30:02,joeschm
18892790,2023-12-03 14:07:17,2023-12-03 14:07:24,2023-12-03 14:16:13,6,debug,CANCELLED by 95065,00:08:49,joeschm
18855580,2023-12-02 12:57:55,2023-12-02 12:58:18,2023-12-02 13:09:06,6,debug,COMPLETED,00:10:48,joeschm
18855298,2023-12-02 12:36:04,2023-12-02 12:38:30,2023-12-02 12:55:02,6,debug,COMPLETED,00:16:32,joeschm
18855053,2023-12-02 12:24:56,2023-12-02 12:26:31,2023-12-02 12:33:14,6,debug,COMPLETED,00:06:43,joeschm
18854964,2023-12-02 12:23:50,2023-12-02 12:23:50,2023-12-02 12:30:44,6,debug,COMPLETED,00:06:54,joeschm
18853558,2023-12-02 12:05:20,2023-12-02 12:09:51,2023-12-02 12:14:37,6,debug,COMPLETED,00:04:46,joeschm
18850577,2023-12-02 10:32:09,2023-12-02 10:34:41,2023-12-02 11:05:10,6,debug,TIMEOUT,00:30:29,joeschm
18850555,2023-12-02 10:31:20,2023-12-02 10:34:37,2023-12-02 10:37:20,6,debug,COMPLETED,00:02:43,joeschm
18849148,2023-12-02 09:37:57,2023-12-02 09:47:35,2023-12-02 09:54:53,6,debug,COMPLETED,00:07:18,joeschm
18849146,2023-12-02 09:37:48,2023-12-02 09:47:35,2023-12-02 09:54:57,6,debug,COMPLETED,00:07:22,joeschm
18826529,2023-12-01 12:33:10,2023-12-01 12:39:59,2023-12-01 12:43:41,6,debug,COMPLETED,00:03:42,joeschm
18805481,2023-11-30 17:54:23,2023-11-30 17:55:03,2023-11-30 18:00:33,6,debug,COMPLETED,00:05:30,joeschm
18805267,2023-11-30 17:52:17,2023-11-30 17:53:09,2023-11-30 18:02:54,6,debug,COMPLETED,00:09:45,joeschm
18805076,2023-11-30 17:51:00,2023-11-30 17:51:21,2023-11-30 17:53:54,6,debug,CANCELLED by 95065,00:02:33,joeschm
18804682,2023-11-30 17:39:31,2023-11-30 17:45:00,2023-11-30 17:50:26,6,debug,COMPLETED,00:05:26,joeschm
18804662,2023-11-30 17:34:39,2023-11-30 17:38:42,2023-11-30 17:44:06,6,debug,COMPLETED,00:05:24,joeschm
18804655,2023-11-30 17:33:43,2023-11-30 17:38:42,2023-11-30 17:47:13,6,debug,COMPLETED,00:08:31,joeschm
18804169,2023-11-30 16:42:06,2023-11-30 16:42:58,2023-11-30 17:01:24,6,debug,COMPLETED,00:18:26,joeschm
18792940,2023-11-29 09:59:18,2023-11-30 15:21:58,2023-11-30 15:52:26,6,debug,TIMEOUT,00:30:28,joeschm
18771117,2023-11-28 19:37:53,2023-11-28 19:37:55,2023-11-28 19:56:20,6,debug,COMPLETED,00:18:25,joeschm
18771106,2023-11-28 19:36:57,2023-11-28 19:36:58,2023-11-28 20:02:34,6,debug,COMPLETED,00:25:36,joeschm
18770189,2023-11-28 18:49:05,2023-11-28 19:07:58,2023-11-28 19:29:29,6,debug,COMPLETED,00:21:31,joeschm
18770153,2023-11-28 18:48:31,2023-11-28 18:58:51,2023-11-28 19:29:17,6,debug,TIMEOUT,00:30:26,joeschm
18770149,2023-11-28 18:47:51,,2023-11-28 18:48:14,6,debug,CANCELLED by 95065,00:00:00,joeschm
18769822,2023-11-28 18:37:38,2023-11-28 18:37:38,2023-11-28 19:07:58,6,debug,TIMEOUT,00:30:20,joeschm
18769813,2023-11-28 18:37:28,2023-11-28 18:37:29,2023-11-28 18:58:51,6,debug,COMPLETED,00:21:22,joeschm
18769145,2023-11-28 17:53:24,2023-11-28 17:53:25,2023-11-28 17:58:39,6,debug,COMPLETED,00:05:14,joeschm
18769105,2023-11-28 17:51:41,2023-11-28 17:51:53,2023-11-28 17:58:27,6,debug,COMPLETED,00:06:34,joeschm
18768489,2023-11-28 17:33:55,2023-11-28 17:33:56,2023-11-28 17:39:22,6,debug,COMPLETED,00:05:26,joeschm
18768378,2023-11-28 17:31:41,2023-11-28 17:31:42,2023-11-28 17:44:46,6,debug,COMPLETED,00:13:04,joeschm
18766501,2023-11-28 16:03:53,2023-11-28 16:04:59,2023-11-28 16:12:05,6,debug,COMPLETED,00:07:06,joeschm
18766142,2023-11-28 15:46:25,2023-11-28 15:46:25,2023-11-28 15:53:53,6,debug,COMPLETED,00:07:28,joeschm
18765324,2023-11-28 15:23:57,2023-11-28 15:24:50,2023-11-28 15:34:32,6,debug,COMPLETED,00:09:42,joeschm
18765152,2023-11-28 15:18:06,2023-11-28 15:18:08,2023-11-28 15:27:05,6,debug,COMPLETED,00:08:57,joeschm
18764306,2023-11-28 14:54:34,2023-11-28 14:54:41,2023-11-28 15:05:09,6,debug,COMPLETED,00:10:28,joeschm
18764208,2023-11-28 14:51:40,,2023-11-28 14:52:11,6,debug,CANCELLED by 95065,00:00:00,joeschm
18764204,2023-11-28 14:51:32,2023-11-28 14:52:11,2023-11-28 14:53:29,6,debug,CANCELLED by 95065,00:01:18,joeschm
18763688,2023-11-28 14:36:30,2023-11-28 14:39:37,2023-11-28 14:43:18,6,debug,CANCELLED by 95065,00:03:41,joeschm
18763655,2023-11-28 14:35:20,2023-11-28 14:35:20,2023-11-28 14:52:06,6,debug,COMPLETED,00:16:46,joeschm
18763501,2023-11-28 14:30:14,2023-11-28 14:30:14,2023-11-28 14:39:30,6,debug,COMPLETED,00:09:16,joeschm
18753952,2023-11-28 10:09:38,2023-11-28 10:13:42,2023-11-28 10:22:23,6,debug,COMPLETED,00:08:41,joeschm
18753919,2023-11-28 10:08:11,2023-11-28 10:13:15,2023-11-28 10:18:49,6,debug,COMPLETED,00:05:34,joeschm
18753256,2023-11-28 09:47:11,2023-11-28 10:03:41,2023-11-28 10:07:42,6,debug,COMPLETED,00:04:01,joeschm
18753249,2023-11-28 09:46:59,2023-11-28 09:59:07,2023-11-28 10:03:24,6,debug,COMPLETED,00:04:17,joeschm
18753244,2023-11-28 09:46:52,2023-11-28 09:53:46,2023-11-28 09:58:58,6,debug,COMPLETED,00:05:12,joeschm
18753238,2023-11-28 09:46:43,2023-11-28 09:49:02,2023-11-28 10:09:28,6,debug,COMPLETED,00:20:26,joeschm
18737987,2023-11-27 21:36:20,2023-11-27 21:44:29,2023-11-27 21:49:31,6,debug,COMPLETED,00:05:02,joeschm
18737905,2023-11-27 21:35:10,2023-11-27 21:44:03,2023-11-27 21:48:07,6,debug,COMPLETED,00:04:04,joeschm
18737902,2023-11-27 21:34:45,2023-11-27 21:39:37,2023-11-27 21:43:30,6,debug,COMPLETED,00:03:53,joeschm
18737888,2023-11-27 21:34:10,2023-11-27 21:39:04,2023-11-27 21:44:27,6,debug,COMPLETED,00:05:23,joeschm
18737627,2023-11-27 21:12:26,2023-11-27 21:21:34,2023-11-27 21:25:34,6,debug,COMPLETED,00:04:00,joeschm
18737619,2023-11-27 21:11:31,2023-11-27 21:16:15,2023-11-27 21:21:30,6,debug,COMPLETED,00:05:15,joeschm
18737617,2023-11-27 21:11:04,2023-11-27 21:14:36,2023-11-27 21:33:11,6,debug,COMPLETED,00:18:35,joeschm
18737606,2023-11-27 21:10:28,2023-11-27 21:11:33,2023-11-27 21:16:13,6,debug,COMPLETED,00:04:40,joeschm
18737216,2023-11-27 20:45:01,2023-11-27 20:52:52,2023-11-27 21:11:29,6,debug,COMPLETED,00:18:37,joeschm
18737159,2023-11-27 20:43:45,2023-11-27 20:49:34,2023-11-27 20:56:53,6,debug,COMPLETED,00:07:19,joeschm
18737155,2023-11-27 20:43:18,2023-11-27 20:43:26,2023-11-27 20:52:51,6,debug,COMPLETED,00:09:25,joeschm
18736505,2023-11-27 20:22:25,2023-11-27 20:30:25,2023-11-27 20:35:44,6,debug,COMPLETED,00:05:19,joeschm
18736486,2023-11-27 20:21:00,2023-11-27 20:29:38,2023-11-27 20:42:03,6,debug,COMPLETED,00:12:25,joeschm
18736476,2023-11-27 20:20:22,2023-11-27 20:25:33,2023-11-27 20:30:20,6,debug,COMPLETED,00:04:47,joeschm
18736467,2023-11-27 20:19:36,2023-11-27 20:25:10,2023-11-27 20:29:37,6,debug,COMPLETED,00:04:27,joeschm
18736026,2023-11-27 20:00:55,2023-11-27 20:13:09,2023-11-27 20:17:52,6,debug,COMPLETED,00:04:43,joeschm
18736006,2023-11-27 19:59:59,2023-11-27 20:05:54,2023-11-27 20:14:03,6,debug,COMPLETED,00:08:09,joeschm
18735967,2023-11-27 19:59:26,2023-11-27 20:05:54,2023-11-27 20:13:07,6,debug,COMPLETED,00:07:13,joeschm
18735804,2023-11-27 19:57:29,2023-11-27 20:01:12,2023-11-27 20:05:50,6,debug,COMPLETED,00:04:38,joeschm
18735431,2023-11-27 19:36:12,2023-11-27 19:40:28,2023-11-27 20:05:53,6,debug,COMPLETED,00:25:25,joeschm
18735081,2023-11-27 19:18:48,2023-11-27 19:20:05,2023-11-27 19:20:42,6,debug,COMPLETED,00:00:37,joeschm
18645582,2023-11-25 08:26:35,2023-11-25 08:29:05,2023-11-25 08:59:25,6,debug,TIMEOUT,00:30:20,joeschm
18627553,2023-11-24 20:36:49,2023-11-24 20:37:52,2023-11-24 20:59:02,6,debug,COMPLETED,00:21:10,joeschm
18627318,2023-11-24 20:35:32,2023-11-24 20:37:52,2023-11-24 21:08:00,6,debug,TIMEOUT,00:30:08,joeschm
18623015,2023-11-24 18:02:37,2023-11-24 18:03:09,2023-11-24 18:33:30,6,debug,TIMEOUT,00:30:21,joeschm
18623010,2023-11-24 18:02:24,2023-11-24 18:02:26,2023-11-24 18:15:40,6,debug,COMPLETED,00:13:14,joeschm
18622472,2023-11-24 17:51:46,2023-11-24 17:52:08,2023-11-24 17:58:32,6,debug,COMPLETED,00:06:24,joeschm
18617054,2023-11-24 14:13:41,2023-11-24 14:44:10,2023-11-24 15:14:23,6,debug,TIMEOUT,00:30:13,joeschm
18617040,2023-11-24 14:13:22,2023-11-24 14:13:28,2023-11-24 14:43:42,6,debug,TIMEOUT,00:30:14,joeschm
18617021,2023-11-24 14:13:02,2023-11-24 14:13:28,2023-11-24 14:43:42,6,debug,TIMEOUT,00:30:14,joeschm
18610076,2023-11-24 10:15:21,2023-11-24 10:31:23,2023-11-24 11:01:39,6,debug,TIMEOUT,00:30:16,joeschm
18610068,2023-11-24 10:15:03,2023-11-24 10:15:14,2023-11-24 10:45:25,6,debug,TIMEOUT,00:30:11,joeschm
18609166,2023-11-24 09:33:30,2023-11-24 10:03:39,2023-11-24 10:14:06,6,debug,COMPLETED,00:10:27,joeschm
18609164,2023-11-24 09:33:12,2023-11-24 10:00:47,2023-11-24 10:31:11,6,debug,TIMEOUT,00:30:24,joeschm
18609149,2023-11-24 09:31:51,2023-11-24 09:32:26,2023-11-24 10:02:58,6,debug,TIMEOUT,00:30:32,joeschm
18609106,2023-11-24 09:29:21,2023-11-24 09:29:45,2023-11-24 10:00:02,6,debug,TIMEOUT,00:30:17,joeschm
18608184,2023-11-24 08:23:23,2023-11-24 08:23:51,2023-11-24 08:54:17,6,debug,TIMEOUT,00:30:26,joeschm
18608182,2023-11-24 08:22:43,2023-11-24 08:22:56,2023-11-24 08:23:23,6,debug,COMPLETED,00:00:27,joeschm
18608147,2023-11-24 08:20:30,2023-11-24 08:20:59,2023-11-24 08:27:14,6,debug,COMPLETED,00:06:15,joeschm
18607018,2023-11-24 07:24:59,2023-11-24 07:25:51,2023-11-24 07:55:55,6,debug,TIMEOUT,00:30:04,joeschm
18607009,2023-11-24 07:24:16,2023-11-24 07:24:26,2023-11-24 07:54:55,6,debug,TIMEOUT,00:30:29,joeschm
18578517,2023-11-23 19:36:48,2023-11-23 20:10:08,2023-11-23 20:40:22,6,debug,TIMEOUT,00:30:14,joeschm
18578501,2023-11-23 19:36:10,2023-11-23 19:52:08,2023-11-23 20:13:46,6,debug,COMPLETED,00:21:38,joeschm
18578490,2023-11-23 19:35:35,2023-11-23 19:39:56,2023-11-23 20:09:58,6,debug,TIMEOUT,00:30:02,joeschm
18577095,2023-11-23 18:47:57,2023-11-23 19:21:41,2023-11-23 19:52:04,6,debug,TIMEOUT,00:30:23,joeschm
18577084,2023-11-23 18:47:27,2023-11-23 18:54:58,2023-11-23 19:25:05,6,debug,TIMEOUT,00:30:07,joeschm
18577063,2023-11-23 18:45:57,2023-11-23 18:51:06,2023-11-23 19:21:33,6,debug,TIMEOUT,00:30:27,joeschm
18503058,2023-11-21 21:46:09,2023-11-21 22:06:45,2023-11-21 22:22:46,6,debug,COMPLETED,00:16:01,joeschm
18503056,2023-11-21 21:45:53,2023-11-21 22:03:32,2023-11-21 22:29:36,6,debug,COMPLETED,00:26:04,joeschm
18503048,2023-11-21 21:44:00,2023-11-21 21:45:17,2023-11-21 22:06:42,6,debug,COMPLETED,00:21:25,joeschm
18501965,2023-11-21 21:09:12,2023-11-21 21:37:13,2023-11-21 22:02:54,6,debug,COMPLETED,00:25:41,joeschm
18501957,2023-11-21 21:08:43,2023-11-21 21:33:39,2023-11-21 21:36:05,6,debug,CANCELLED by 95065,00:02:26,joeschm
18501914,2023-11-21 21:07:21,2023-11-21 21:12:52,2023-11-21 21:43:01,6,debug,TIMEOUT,00:30:09,joeschm
18501900,2023-11-21 21:06:49,2023-11-21 21:07:07,2023-11-21 21:33:12,6,debug,COMPLETED,00:26:05,joeschm
18501727,2023-11-21 20:55:12,2023-11-21 21:01:54,2023-11-21 21:11:35,6,debug,COMPLETED,00:09:41,joeschm
18501607,2023-11-21 20:44:14,2023-11-21 20:44:35,2023-11-21 20:45:00,6,debug,COMPLETED,00:00:25,joeschm
18451315,2023-11-20 14:50:50,2023-11-21 06:24:01,2023-11-21 07:10:32,24,regular_1,COMPLETED,00:46:31,joeschm
18441508,2023-11-20 09:34:51,2023-11-20 15:23:54,2023-11-20 15:33:53,12,regular_1,COMPLETED,00:09:59,joeschm
18439548,2023-11-20 08:46:12,2023-11-20 09:26:14,2023-11-20 09:34:13,12,regular_1,CANCELLED by 95065,00:07:59,joeschm
18439425,2023-11-20 08:45:32,2023-11-20 09:25:58,2023-11-20 09:38:39,12,regular_1,COMPLETED,00:12:41,joeschm
18426226,2023-11-19 23:10:28,2023-11-19 23:17:10,2023-11-19 23:24:26,12,regular_1,COMPLETED,00:07:16,joeschm
18425925,2023-11-19 22:55:11,2023-11-19 22:59:47,2023-11-19 23:25:04,12,regular_1,COMPLETED,00:25:17,joeschm
18425130,2023-11-19 22:40:24,2023-11-19 22:47:59,2023-11-19 22:48:18,12,regular_1,COMPLETED,00:00:19,joeschm
18416709,2023-11-19 17:46:10,2023-11-19 17:59:18,2023-11-19 17:59:37,12,regular_1,COMPLETED,00:00:19,joeschm
18416663,2023-11-19 17:44:08,,2023-11-19 17:45:03,12,regular_1,CANCELLED by 95065,00:00:00,joeschm
18413808,2023-11-19 17:05:43,2023-11-19 17:11:23,2023-11-19 17:11:45,6,regular_1,COMPLETED,00:00:22,joeschm
16509792,2023-10-02 09:23:51,2023-10-02 09:24:46,2023-10-02 09:35:12,2,gpu_debug,TIMEOUT,00:10:26,joeschm
16509754,2023-10-02 09:19:24,2023-10-02 09:19:39,2023-10-02 09:23:09,2,gpu_debug,CANCELLED by 95065,00:03:30,joeschm
16509668,2023-10-02 09:09:31,2023-10-02 09:09:39,2023-10-02 09:18:43,2,gpu_debug,CANCELLED by 95065,00:09:04,joeschm
16509543,2023-10-02 08:58:20,2023-10-02 09:00:21,2023-10-02 09:00:55,2,gpu_debug,COMPLETED,00:00:34,joeschm
16509468,2023-10-02 08:53:57,2023-10-02 08:54:15,2023-10-02 08:54:48,4,gpu_debug,COMPLETED,00:00:33,joeschm
16473681,2023-10-01 16:42:43,2023-10-01 17:12:31,2023-10-01 18:12:35,4,gpu_regular,TIMEOUT,01:00:04,joeschm
16473669,2023-10-01 16:42:06,,2023-10-01 16:42:24,4,gpu_regular,CANCELLED by 95065,00:00:00,joeschm
16473629,2023-10-01 16:40:21,,2023-10-01 16:40:54,4,gpu_debug,CANCELLED by 95065,00:00:00,joeschm
16462677,2023-10-01 08:56:38,2023-10-01 08:59:20,2023-10-01 09:09:36,4,gpu_debug,TIMEOUT,00:10:16,joeschm
16442859,2023-09-30 14:46:58,2023-09-30 14:47:22,2023-09-30 15:07:33,1,gpu_interactive,TIMEOUT,00:20:11,joeschm
16291307,2023-09-25 12:05:50,2023-09-25 12:05:50,2023-09-25 12:50:51,4,gpu_interactive,COMPLETED,00:45:01,joeschm
16290364,2023-09-25 11:53:49,2023-09-25 11:53:58,2023-09-25 12:05:08,1,gpu_interactive,CANCELLED by 95065,00:11:10,joeschm
15852306,2023-09-19 07:38:37,2023-09-19 07:39:23,2023-09-19 08:09:47,1,interactive,TIMEOUT,00:30:24,joeschm
14859475,2023-09-02 17:02:20,2023-09-02 17:57:42,2023-09-03 00:27:44,18,regular_1,TIMEOUT,06:30:02,joeschm
14846141,2023-09-02 11:16:29,2023-09-02 11:52:37,2023-09-02 13:21:44,18,regular_1,COMPLETED,01:29:07,joeschm
14846017,2023-09-02 11:13:33,2023-09-02 11:47:30,2023-09-02 18:17:35,18,regular_1,TIMEOUT,06:30:05,joeschm
14845676,2023-09-02 11:06:11,2023-09-02 11:35:38,2023-09-02 11:47:41,18,regular_1,COMPLETED,00:12:03,joeschm
14801617,2023-09-01 16:48:55,2023-09-01 17:53:53,2023-09-01 22:56:18,18,regular_1,COMPLETED,05:02:25,joeschm
14801165,2023-09-01 16:45:26,2023-09-01 17:45:21,2023-09-02 00:15:36,18,regular_1,TIMEOUT,06:30:15,joeschm
14800785,2023-09-01 16:41:52,2023-09-01 17:41:22,2023-09-02 00:11:46,18,regular_1,TIMEOUT,06:30:24,joeschm
14768326,2023-09-01 07:25:17,2023-09-01 07:26:34,2023-09-01 13:56:56,18,regular_1,TIMEOUT,06:30:22,joeschm
14746543,2023-08-31 20:33:51,2023-08-31 22:57:58,2023-08-31 23:32:08,18,regular_1,COMPLETED,00:34:10,joeschm
14746497,2023-08-31 20:31:54,2023-08-31 21:37:11,2023-09-01 04:07:31,18,regular_1,TIMEOUT,06:30:20,joeschm
14746416,2023-08-31 20:29:41,2023-08-31 21:34:53,2023-08-31 23:42:50,18,regular_1,COMPLETED,02:07:57,joeschm
14698110,2023-08-30 20:45:45,2023-08-30 22:42:19,2023-08-30 22:47:32,18,regular_1,COMPLETED,00:05:13,joeschm
14696699,2023-08-30 19:48:52,2023-08-30 20:45:19,2023-08-30 21:42:37,18,regular_1,COMPLETED,00:57:18,joeschm
14695426,2023-08-30 18:51:46,2023-08-30 20:34:46,2023-08-31 02:34:38,18,regular_1,COMPLETED,05:59:52,joeschm
14695369,2023-08-30 18:47:56,2023-08-30 20:05:17,2023-08-31 02:35:22,18,regular_1,TIMEOUT,06:30:05,joeschm
14694776,2023-08-30 18:27:13,2023-08-30 19:34:16,2023-08-30 20:30:48,18,regular_1,COMPLETED,00:56:32,joeschm
14691023,2023-08-30 15:06:59,2023-08-30 17:13:32,2023-08-30 23:43:38,18,regular_1,TIMEOUT,06:30:06,joeschm
14676668,2023-08-30 09:44:16,2023-08-30 10:28:23,2023-08-30 10:59:04,18,regular_1,COMPLETED,00:30:41,joeschm
14676168,2023-08-30 09:23:06,2023-08-30 09:34:11,2023-08-30 10:04:43,18,regular_1,COMPLETED,00:30:32,joeschm
14673147,2023-08-30 07:35:10,2023-08-30 08:21:10,2023-08-30 14:51:22,18,regular_1,TIMEOUT,06:30:12,joeschm
14672373,2023-08-30 06:45:42,2023-08-30 07:04:36,2023-08-30 09:07:16,18,regular_1,COMPLETED,02:02:40,joeschm
14671698,2023-08-30 06:25:44,2023-08-30 06:38:35,2023-08-30 13:08:57,18,regular_1,TIMEOUT,06:30:22,joeschm
